Workbook

Sheet Synthèse
A1: Pré-audit UX18I × Cahier des charges v1.0 — Manager ses collaborateurs en tant qu’élu
A2: Base gelée : MGT_Manager_collaborateurs_elus_UX18I_ACCESSIBILITE_OK.zip (socle officiel en remplacement de UX18H) — audit du 1er octobre 2026
A4: Statut | B4: Nb exigences
A5: À patcher | B5: =COUNTIF('Registre MGT'!E:E,A5) -> 38
A6: À patcher — arbitrage requis | B6: =COUNTIF('Registre MGT'!E:E,A6) -> 1
A7: À patcher — arbitrage technique | B7: =COUNTIF('Registre MGT'!E:E,A7) -> 1
A8: Conforme sur l'ordre — patch lié | B8: =COUNTIF('Registre MGT'!E:E,A8) -> 1
A9: Conforme — aucun patch | B9: =COUNTIF('Registre MGT'!E:E,A9) -> 2
A10: Absorbé | B10: =COUNTIF('Registre MGT'!E:E,A10) -> 1
A11: Verrou — à préserver | B11: =COUNTIF('Registre MGT'!E:E,A11) -> 5
A12: Verrou — à localiser | B12: =COUNTIF('Registre MGT'!E:E,A12) -> 1
A13: À arbitrer | B13: =COUNTIF('Registre MGT'!E:E,A13) -> 1
A14: Ouvert — non localisé | B14: =COUNTIF('Registre MGT'!E:E,A14) -> 1
A15: Bloqué — corpus manquant | B15: =COUNTIF('Registre MGT'!E:E,A15) -> 3
A16: Recette | B16: =COUNTIF('Registre MGT'!E:E,A16) -> 1
A17: Appliqué | B17: =COUNTIF('Registre MGT'!E:E,A17) -> 1
A18: Total | B18: =SUM(B5:B17) -> 57
A20: Lot | B20: Nb exigences
A21: A | B21: =COUNTIF('Registre MGT'!F:F,A21) -> 8
A22: B | B22: =COUNTIF('Registre MGT'!F:F,A22) -> 11
A23: C | B23: =COUNTIF('Registre MGT'!F:F,A23) -> 15
A24: D | B24: =COUNTIF('Registre MGT'!F:F,A24) -> 5
A25: E | B25: =COUNTIF('Registre MGT'!F:F,A25) -> 4
A26: R | B26: =COUNTIF('Registre MGT'!F:F,A26) -> 1
A27: NR | B27: =COUNTIF('Registre MGT'!F:F,A27) -> 6
A28: — | B28: =COUNTIF('Registre MGT'!F:F,A28) -> 7
A31: Légende : colonne « Décision IFAP » du registre à renseigner (Validé / À modifier / Commentaire). NR = contrôle de non-régression sans patch.

Sheet Registre MGT
A1: ID | B1: Zone | C1: Cible UX18I | D1: Priorité CDC | E1: Statut pré-audit | F1: Lot | G1: Constat et action prévue | H1: Décision IFAP
A2: MGT-01 | B2: Accueil | C2: g-contrat / #mgt-parcours-clin-titre | D2: P1 | E2: À patcher | F2: D | G2: Titre h2 présent (l.3901) à taille standard de section. Agrandir via CSS ciblé sur l'ID, sans toucher au reste de g-contrat.
A3: MGT-02 | B3: Accueil / défis | C3: g-contrat / mgt-defis-accueil | D3: P2 | E3: À patcher | F3: D | G3: Aucun pictogramme distinctif par défi repéré dans le code. Ajouter un repère léger par défi ; structure et libellés inchangés. Contrôle visuel iPad.
A4: MGT-03 | B4: Tableau de bord | C4: mgt-tableau-defis | D4: VERROU | E4: Verrou — à préserver | F4: NR | G4: Logique vert/jaune présente. Aucun patch. Test de non-régression après chaque lot.
A5: MGT-04 | B5: Information initiale | C5: g-contrat, g-pre, g-post, 5 notes d'instantané | D5: P1 | E5: À patcher | F5: A | G5: Mention « déclaratif » en g-pre (l.3969) et g-post (l.4960), plus 5 rappels « Ces trois réponses sont conservées… » dans les instantanés. Les 5 rappels disparaissent avec MGT-49/25. Vérifier le doublon g-contrat « Ce que vous devez savoir » / g-pre.
A6: MGT-05 | B6: Positionnement initial | C6: g-pre + radar | D6: VERROU | E6: Verrou — à préserver | F6: NR | G6: Présent (6 dimensions). Aucun patch.
A7: MGT-06 | B7: S1 visuel | C7: mod-s1-00 / 01 | D7: P2 | E7: Conforme — aucun patch | F7: — | G7: « Thomas examine un dossier urgent.jpg » est utilisé. Aucune autre image « homme triste » identifiée dans S1. Confirmation visuelle à faire lors de la recette.
A8: MGT-07 | B8: S1 Thomas | C8: écrans où Thomas porte la décision | D8: P1 | E8: À patcher | F8: B | G8: Seule une pastille « Thomas » répétée sur tous les écrans S1 ; pas de mini-carte canonique (parcours, besoin) au moment de décider. Créer le composant mini-carte et le placer sur les écrans de décision uniquement.
A9: MGT-08 | B9: Personnages | C9: transversal | D9: P2 | E9: À patcher | F9: B | G9: Pastille personnage affichée sur 100 % des écrans S1–S5, y compris écrans de résultat de défi (mgt-resultat-defi-*). Conditionner sa présence.
A10: MGT-09 | B10: S1 pédagogie | C10: mod-s1-01 → apports | D10: P0 | E10: Conforme sur l'ordre — patch lié | F10: C | G10: Ordre actuel déjà situation (00/01) → réaction (01b) → curseur (01c) → apports (01d/01e/02). Le seul écart est l'instantané intercalé dans 01b : traité par MGT-25.
A11: MGT-10 | B11: Sources | C11: transversal | D11: P1 | E11: À patcher | F11: A | G11: 9 blocs visibles « Référence(s) scientifique(s)… » : g-pre, s1-01d, s1-06, s2-04a, s3-04c, s4-05c, s5-05c, g-fin (+ libellé CSS mgt-reference-label). Convertir en accordéon « Source » fermé, au plus près de l'apport.
A12: MGT-11 | B12: Sources | C12: fins de séquences | D12: P2 | E12: À patcher | F12: A | G12: Références répétées en fin de séquence : s1-06 (Lewin, déjà en s1-01d), s2-06 (Belbin/Bauer, déjà en s2-04a), s3-05 (Baumeister). Une seule occurrence par usage.
A13: MGT-12 | B13: S1 wording | C13: mod-s1-01e | D13: P1 | E13: À patcher | F13: A | G13: Occurrence exacte l.4072 : « Ce module vous appartient plus que les précédents : il repose sur des questions… ». Remplacer par la formulation cible.
... A58: MGT-57 | B58: Repères pédagogiques | C58: transversal S1–S5 | D58: P0 VERROU | E58: À patcher | F58: C | G58: Composant inexistant. Créer un composant unique (6 étapes, sans score), injecté dans les 5 séquences.

Sheet Constats hors registre
A1: ID | B1: Objet | C1: Localisation | D1: Réf. CDC | E1: Constat | F1: Lot proposé | G1: Décision IFAP
A2: H-01 | B2: Typographie | C2: Token --fs-corps | D2: §7 | E2: Corps de texte à 16 px (cible ≥ 17 px). ~150 déclarations entre 10 et 15 px dans la CSS. | F2: D
A3: H-02 | B3: Ordre S4 | C3: mod-s4-02 avant 04/05b/05c | D3: §5 | E3: Simulateur 2 placé avant les apports structurants (même défaut que S3, non listé en annexe C). | F3: C
A4: H-03 | B4: Ordre S5 | C4: mod-s5-02 avant 05b/05c | D4: §5 | E4: Simulateur 3 placé avant les apports sur recadrage et qualité relationnelle. | F4: C
A5: H-04 | B5: Instantanés S4/S5 | C5: mod-s4-01 (l.4579), mod-s5-01 (l.4775) | D5: §8.2 | E5: Instantanés présents aussi en S4 et S5 : couverts par l'esprit du CDC mais sans ID MGT dédié. Proposer de les rattacher à MGT-28/52. | F5: C
A6: H-05 | B6: Bilans S3–S5 | C6: s3-05, s4-06, s5-06 | D6: §8.4 | E6: Petits bilans 3 questions en S3, S4, S5 (l.4546, 4740, 4911) : même rattachement à MGT-28. | F6: C
A7: H-06 | B7: Ressources | C7: img/ + data URI | D7: §10 | E7: 17 images sont embarquées en base64 dans index.html (1,8 Mo) ; seuls 10 fichiers /img sont appelés par chemin. Inventaire usage réel des 23 fichiers à établir avant tout remplacement. | F7: NR
A8: H-07 | B8: Écran intro | C8: mod-e04 | D8: §8.2 | E8: Écran « Deux mandats, deux cadres d'action » avec surtitre « Avant de commencer · E04 » : code de production visible (rattaché à MGT-43). | F8: A
A9: H-08 | B9: Persistance | C9: clés de stockage des instantanés | D9: §8.5 | E9: Supprimer les instantanés laisse des clés de reprise orphelines. Vérifier qu'aucune fonction (g-fin, plan d'action) ne les relit. | F9: C

Sheet Plan de lots
A1: Lot | B1: Intitulé | C1: Exigences | D1: Risque de régression | E1: Prérequis / arbitrage
A2: A | B2: Nettoyage et sources | C2: MGT-04, 10, 11, 12, 42, 43, 47, 53 | D2: Faible | E2: Aucun
A3: B | B3: Personnages | C3: MGT-07, 08, 16, 30, 31, 32, 34, 37, 38, 39, 51 | D3: Élevé (S2) | E3: MGT-37 persistance ; MGT-30 visuels ; variantes Léon/Thomas à valider
A4: C | B4: Grammaire et clôtures | C4: MGT-09, 13, 14, 20–25, 28, 45, 49, 50, 52, 57 + H-02 à H-05, H-08 | D4: Élevé | E4: Modèle de fin commun à valider sur S1 avant généralisation
A5: D | B5: Premiumisation CSS | C5: MGT-01, 02, 15, 18, 46 + H-01 | D5: Moyen (visuel global) | E5: Captures avant/après tous écrans
A6: E | B6: Interactions | C6: MGT-17, 19, 35, 36 | D6: Moyen | E6: MGT-19 grille de solution
A7: R | B7: Recette et livrables | C7: MGT-54, 55, 56 | D7: — | E7: Corpus pour MGT-55

Sheet Base gelée SHA-256
A1: Type | B1: Chemin | C1: SHA-256
A2: ARCHIVE | B2: MGT_Manager_collaborateurs_elus_UX18I_ACCESSIBILITE_OK.zip | C2: 638a7386ecda11815770c80a4addb7fd1be273a65570dbc42d46485a99ab329f
A3: fichier | B3: ./img/Guide e-learning sur fond transparent.webp | C3: 28641aaa62199191bbfd12cd84db3e1de05075b6748492ea2bd1773cbdb11b7a
A4: fichier | B4: ./img/Guide pensif, carnet contre lui.webp | C4: 4a08998326231c7d4da60450a033c8a24677bb9b9532776bb63d95ffb0327e8b
A5: fichier | B5: ./img/MGT-IMG-CRISE-DOSSIER.jpeg | C5: 01f173769064e25676dc5e0821cc9a1bfc84189bf1f856bb8f5c43d58c8c7b68
A6: fichier | B6: ./img/MGT-IMG-DEUX-FAUTEUILS.jpeg | C6: 9051275cc5d3c50ef9230d4e6775afe51c81530ab90fefc66bcd306e0155748a
A7: fichier | B7: ./img/MGT-IMG-DOSSIER-TRAVAIL.jpeg | C7: 6deb2bfa23c94fb5a5b4daaf7196403e2d4dc024384b074d490fdfdd26288064
A8: fichier | B8: ./img/MGT-IMG-ENTREES-SEQUENCES.jpg | C8: 8abb435be7e63f10b60c6bcbf14106403446c3825614b144cad3dc1503e32175
A9: fichier | B9: ./img/MGT-IMG-SCENE-COMMISSION.jpeg | C9: aba53aab592e69c18a8c448b07d8c7114589337b278e5175cefa649f55c894a4
A10: fichier | B10: ./img/Thomas examine un dossier urgent.jpg | C10: 7cad463061512ade7d5541979407a2c4793d3f176f27174ff02271907b0414e6
A11: fichier | B11: ./img/guide-pedagogique-carnet-ouvert.webp | C11: fd3a866b077f770d5c34f1b6e563f2dcf7512942c5a5a1c0fdfe88a6a0ab91cc
A12: fichier | B12: ./img/guide-souriant-pouce-leve.webp | C12: 9e7da11e2398fdbbaaa2f8232cc0272a495d02a7a4c4076e7c474d83461eeef9
... A32: fichier | B32: ./pdf/MGT_FICHE_06_Mots_qui_piquent_mots_qui_soutiennent.pdf | C32: 2ef2b08d11aad69c06e61447c093ab194cddc2395b3368197a5ef716209aa97c
